INSERT INTO activites (idActivite, mailOrganisateur, typeActivite, commune, descriptif, date, longitude, latitude) VALUES
(58, 'ahmed@gmail.com', 'Football', 'Montpellier', 'Un match amical', '2025-03-01', 3.87671600, 43.61076900),
(59, 'sanae@gmail.com', 'Natation', 'Nantes ', 'Nager, une discipline idéale pour se maintenir en forme et se ressourcer.', '2025-01-10', -1.53808594, 47.18971246),
(60, 'imrane_halima@gmail.com', 'Ateliers pour enfants', 'Avignon', 'Initiez les plus jeunes à l\'art culinaire avec un atelier ludique et éducatif.', '2024-12-31', 4.81201172, 43.94833863),
(61, 'sanae@gmail.com', 'Business et entrepreneuriat', 'Sète', 'Encourager l\'esprit d\'innovation et de leadership à travers des ateliers interactifs, des études de cas réels et des rencontres avec des experts.', '2025-10-28', 3.69277954, 43.40504749),
(74, 'hakimamom@gmail.com', 'Randonnée', 'Casablanca', 'Préparez-vous à découvrir la beauté des paysages tout en améliorant votre condition physique et votre bien-être mental.', '2025-03-29', -7.58056641, 33.53223722),
(69, 'sarah.elmutawakel@gmail.com', 'Natation', 'Montpellier', 'Découvrez les bienfaits de la natation à travers une activité adaptée à tous les niveaux, des débutants aux nageurs confirmés.', '2025-02-28', 3.88040543, 43.61072530),
(68, 'ahmed@gmail.com', 'Ateliers de cuisine traditionn', 'Marseille', 'Des saveurs uniques dans une ambiance conviviale et chaleureuse.', '2025-07-28', 5.31738281, 43.32517768),
(67, 'boumezganehajar@gmail.com', 'Santé et bien-être', 'Montpellier', 'Prenez soin de votre corps et de votre esprit avec nos activités dédiées à la santé et au bien-être.', '2025-04-09', 3.87671600, 43.61076900),
(66, 'boumezganemohamed@gmail.com', 'Karting', 'Montpellier', 'Un sport alliant technique, endurance et stratégie. ', '2025-01-29', 3.87671600, 43.61076900),
(65, 'mr.monsieur@gmail.com', 'Tennis', 'Paris', 'Que vous soyez débutant ou joueur confirmé, profitez d\'un moment dynamique pour développer vos compétence et améliorer votre forme physique.', '2025-04-15', 2.32910156, 48.86471476),
(64, 'mariam@gmail.com', 'Jeux en extérieur', 'Nîmes', 'Vivez l\'aventure en plein air avec nos jeux en extérieur ! Parfait pour se dépenser, se connecter et créer des souvenirs inoubliables.', '2025-11-25', 4.38079834, 43.83452678),
(63, 'hajarboumezgane@gmail.com', 'Ateliers de pâtisserie', 'Toulouse', 'Un moment convivial pour laisser libre cours à votre créativité culinaire.', '2024-12-16', 1.43920898, 43.59630592),
(62, 'jabrane_ali@gmail.com', 'Jet-ski', 'Toulon', 'Découvrez les sensations fortes et l\'adrénaline du Jet Ski.', '2025-09-16', 5.93261719, 43.14107811),
(57, 'mr.monsieur@gmail.com', 'Football', 'Marseille', 'Participez à une séance de football où esprit d\'équipe, stratégie et performance physique se rencontrent.', '0000-00-00', 5.38742065, 43.29719840),
(56, 'boumezganehajar@gmail.com', 'Ateliers de cuisine Marocaine ', 'Paris', 'Plongez dans l\'univers des saveurs marocaines en explorant ses épices, ses recettes authentiques et des traditions culinaires.', '2024-12-29', 2.32910156, 48.86471476),
(55, 'sofia@gmail.com', 'Conférence professionnelles', 'Perpignan', 'Assistez à des conférences enrichissantes animées par des experts et leaders d\'industrie.', '2025-02-28', 2.87841797, 42.66628071),
(54, 'lynna@gmail.com', 'Jeux éducatifs', 'Lattes', 'Apprenez tout en vous amusant grâce à une sélection de jeux éducatifs interactifs.', '2025-01-01', 3.89945984, 43.56397404);


INSERT INTO typesactivite (typeActivite, activiteGenerique) VALUES
('Football', 'Sports'),
('Randonnée', 'Sports'),
('Jeux de société', 'Jeux'),
('Ateliers culinaires', 'Gastronomie'),
('Conférence professionnelles', 'Conférences'),
('Jeux éducatifs', 'Jeux'),
('Natation', 'Sports'),
('Ateliers de cuisine Marocaine ', 'Gastronomie'),
('Ateliers de pâtisserie', 'Gastronomie'),
('Ateliers pour enfants', 'Gastronomie'),
('Ateliers de cuisine traditionn', 'Gastronomie'),
('Jeux pour enfants', 'Jeux'),
('Jeux vidéo', 'Jeux'),
('Jeux en extérieur', 'Jeux'),
('Sports collectifs', 'Sports'),
('Tennis', 'Sports'),
('Karting', 'Sports'),
('Jet-ski', 'Sports'),
('Business et entrepreneuriat', 'Conférences'),
('Santé et bien-être', 'Conférences'),
('Conférence Spirituelle', 'Conférences'),
('Conférence Humanitaire', 'Conférences'),
('Equitation', 'Sports');


INSERT INTO utilisateurs (Adressemail, nom, prenom, telephone) VALUES
('mariam@gmail.com', 'Mari', 'Mariam', '542145816'),
('ahmed@gmail.com', 'Ahmed', 'Imran', '214963214'),
('sanae@gmail.com', 'Alami', 'Sanaa', '621321245'),
('boumezganehajar@gmail.com', 'Boumezgane', 'Hajar', '615171933'),
('ahmed.Ahmed@gmail.com', 'Ahmadi', 'Ahmed', '057290298'),
('mr.monsieur@gmail.com', 'Mr', 'Monsieur', '0786191917'),
('jannah@gmail.com', 'El ', 'Jannah', '0677303533'),
('jabrane_ali@gmail.com', 'Jabrane', 'Ali', '0566677789'),
('imrane_halima@gmail.com', 'Imrane', 'Halima', '0222111333'),
('sarah.elmutawakel@gmail.com', 'EL mutawakel', 'Sarah', '0717192325'),
('boumezganemohamed@gmail.com', 'Boumezgane', 'Mohamed', '0610203040'),
('hakimamom@gmail.com', 'Mom', 'Hakima', '0630507090');